,Country Name,Year,GDP (current US$),Military expenditure (% of GDP),GDP per capita (current US$),"Population, total","Current health expenditure per capita, PPP (current international $)",Current health expenditure (% of GDP),"Government expenditure on education, total (% of GDP)",Military expenditure (current US$),Education expenditure (current US$),Health expenditure (current US$),Military expenditure per capita,Education expenditure per capita,Health expenditure per capita
0,European Union,2011,15741839610904.562,1.5018477772149212,35716.27366288399,440746976,3297.408614059146,,5.01738,23641846828910.816,78982791226960.34,,53640.406211002155,179202.1171506809,
1,Argentina,2011,530163281574.65753,0.764287094036749,12848.86419697053,41261490,1648.18774414063,8.39656293392181,5.29063,405196953839.6817,2804897762397.3306,4451549358996.121,9820.221078775432,67978.5863864182,107886.29685927778
2,Australia,2011,1396649906339.3474,1.76938986414435,62517.83374715029,22340024,3770.48828125,8.54151993989944,5.07451,2471218188034.997,7087313916218.082,11929513024056.22,110618.4213604693,317247.3725282516,533997.3235506023
3,Brazil,2011,2616200980392.157,1.41185115924524,13245.612499544754,197514534,1166.13354492188,7.78830125927925,5.73741,3693686386985.2007,15010217666911.766,20375761390115.848,18700.8333623955,75995.50961101305,103160.82051012939
4,Canada,2011,1788647906047.7568,1.1960844580068801,52087.44638356804,34339328,4278.64697265625,10.3525035083294,5.27444,2139373961270.2722,9434116061574.531,18516983722525.438,62300.98507665241,274732.11070334667,539235.4714258077
5,China,2011,7551500425597.771,1.83415827484875,5618.132491349625,1344130000,438.563140869141,4.32551316916943,,13850646993134.01,,32664114537911.72,10304.544198205538,,24301.306077471465
6,France,2011,2861408170264.605,2.25766128424981,43790.732048201884,65342780,4218.0107421875,11.2030930817127,,6460090444442.487,,32056622076247.59,98864.64035418277,,490591.6472523451
7,Germany,2011,3744408602683.935,1.2811121962768899,46644.77602796796,80274983,4579.88671875,10.7205376029015,4.8078,4797007528742.496,18002367679983.824,40142073225700.984,59757.19146203365,224258.75418726433,500057.0753867489
8,India,2011,1823050405350.4167,2.65149668110065,1458.1035268617675,1250288729,150.496520996094,3.24634201824665,3.79618,4833812099265.824,6920627487783.1455,5918245132270.645,3866.156662175129,5535.2234466021055,4733.502746204988
9,Indonesia,2011,892969107923.0944,0.653776702606807,3643.0439361610156,245116206,261.194732666016,2.95542031526566,3.18944,583802398907.7026,2848071391574.234,2639099042460.567,2381.737252035072,11619.270051749389,10766.72605833564
10,Italy,2011,2291991045770.294,1.48613565534828,38599.06220703217,59379449,3211.9560546875,8.8346429169178,4.14407,3406209614858.2256,9498171333045.303,20248922458153.547,57363.44260887678,159957.2157202958,341008.93152702623
11,Japan,2011,6157459594823.717,0.9868062925244481,48167.99726849653,127833000,3778.22509765625,10.6167174875736,3.66538,6076219874137.082,22569429249674.953,65372008959392.81,47532.4828028528,176554.0138280018,511386.0189418445
12,"Korea, Rep.",2011,1253223044718.987,2.57734596651412,25096.263883823878,49936638,1973.18786621094,6.29425421357155,4.59437,3229989359449.026,5757770359965.572,7888104429767.451,64681.75449554746,115301.5218999239,157962.26469566196
13,Mexico,2011,1180489601957.612,0.548195293608094,10203.420854311318,115695473,914.996948242188,5.70114143192768,5.10565,647138843946.4552,6027166736234.882,6730138179680.357,5593.467291036142,52095.09568481458,58171.14537990918
14,Russian Federation,2011,2045925608274.3691,3.42344793265044,14311.0843159612,142960908,1159.92749023438,4.79797385632992,3.78973,7004119794003.482,7753505655445.625,9816297580496.312,48993.25201546343,54235.145564727565,68664.2084037149
15,Saudi Arabia,2011,671238840106.6666,7.23005332410004,23745.801614340424,28267685,1801.12939453125,3.71177718043327,,4853092607178.261,,2491489009328.422,171683.4118951821,,88139.1245632043
16,South Africa,2011,416418874936.30444,1.1032576755513799,8007.412846344413,52004172,908.580261230469,7.49731510877609,5.96275,459417320017.948,2483001646526.449,3122023522639.496,8834.239684038195,47746.20094954015,60034.09731510572
17,Turkey,2011,832523680895.5223,2.0785432760940097,11335.510509510132,73443863,921.687194824219,4.68792170286179,,1730436499114.4229,,3902805831816.503,23561.349150635266,,53139.98573055046
18,United Kingdom,2011,2659310054646.231,2.28739421092508,42038.57225019299,63258810,3095.67895507813,8.37611109018326,5.6462,6082890424052.646,15014996430543.55,22274676440958.145,96158.78680064715,237358.1866390397,352119.7512403117
19,United States,2011,15542581104000.0,4.57670425313993,49886.81810949226,311556874,8169.90771484375,16.3762927055359,4.93105,71133797043449.11,76641244552879.2,254529857558635.3,228317.21261733133,245994.39443881184,816961.1355088744
20,European Union,2012,14636155637903.785,1.4984380864244142,33158.79140885192,441395932,3371.177646086203,,4.87256,21931373046670.45,71315546515024.47,,49686.39594682637,161568.2006671155,
21,Argentina,2012,545982375701.128,0.784824721019786,13082.664325571988,41733271,1657.03381347656,8.45703780651093,5.34583,428500465691.3577,2918728963494.3613,4617393592993.095,10267.598379512541,69937.6994315725,110640.58681125414
22,Australia,2012,1546151783872.9639,1.6799173576200401,68012.14790059341,22733465,3792.08935546875,8.67569968104362,4.869,2597407219243.381,7528213035677.461,13413948538191.695,114254.78778722826,331151.1481279893,590052.9698482697
23,Brazil,2012,2465188674415.032,1.37865646470437,12370.024200714892,199287296,1192.02758789063,7.73530080914497,5.8551,3398648302698.2803,14433926207567.455,19068975947897.617,17054.013832865094,72427.72869760577,95685.85820893278
24,Canada,2012,1828689329348.994,1.12109997322812,52678.39012347717,34714222,4342.3662109375,10.347892343998,5.27444,2050143558175.7056,9645312146291.508,18923080310721.29,59057.74175713071,277849.0080028729,545110.3098528692
25,China,2012,8532230724141.756,1.83645175975595,6316.918863356832,1350695000,508.164855957031,4.54939901828766,,15669030127993.91,,38816522080214.31,11600.716762847209,,28738.18447555837
26,France,2012,2683825225092.6284,2.2369260112485403,40874.703505345686,65659809,4288.57421875,11.3154701888561,,6003518455654.669,,30368744326635.65,91433.68747317966,,462516.4889930711
27,Germany,2012,3527344944139.8257,1.3112614474342499,43858.363055107635,80425823,4700.58935546875,10.7769027352333,4.93331,4625271437052.671,17401486086374.441,38013853376611.836,57509.78062173726,216366.901043393,472657.3127714445
28,India,2012,1827637859135.6963,2.53734660363375,1443.8795293904227,1265782790,163.808929443359,3.32935303449631,3.8675,4637350714550.417,7068389420207.306,6084851652273.7705,3663.6228199550865,5584.20407991746,4807.184692623108
29,Indonesia,2012,917869910105.7491,0.711549473406383,3694.3489460323703,248452413,273.699645996094,2.90286671370268,3.40748,653109851191.3099,3127623361287.138,2664454009555.2505,2628.712047128759,12588.42014662638,10724.202584239947
30,Italy,2012,2087077032435.1492,1.43673729982365,35053.52624425724,59539717,3253.36889648438,8.95606130361557,4.08391,2998581420104.8325,8523434763532.23,18691989847857.258,50362.708645471605,143155.4463641846,313941.52995146514
31,Japan,2012,6203213121334.122,0.96742708258411,48603.47664977491,127629000,3988.27612304688,10.790653526783,3.66538,6001156372619.74,22737133310675.664,66936723545110.625,47020.319618736656,178150.21124255197,524463.2767248088
32,"Korea, Rep.",2012,1278427634342.586,2.6129823173389,25466.7605170594,50199853,2076.4794921875,6.43744543194771,4.59437,3340508802534.578,5873569570394.546,8229808134774.397,66544.19491098067,117003.72051676219,163940.88115705035
33,Mexico,2012,1201089987015.4524,0.581036957628398,10241.72791537447,117274155,973.206115722656,5.84224537014961,5.1031,697877671893.3905,6129282312738.556,7017062415774.082,5950.822428807016,52264.56172494746,59834.68749592851
34,Russian Federation,2012,2208295773643.1494,3.68596867256715,15420.8745413273,143201721,1269.75268554688,4.94897477328777,3.78973,8139709041411.087,8368844742248.652,10928800075717.945,56840.8604629206,58440.95087550416,76317.51908706423
35,Saudi Arabia,2012,735974843360.0,7.67660296778665,25243.358698402448,29155187,2034.3759765625,4.01962399482727,,5649786666753.69,,2958342139959.097,193783.24230105916,,101468.81033413016
36,South Africa,2012,396332702639.4962,1.1327931119157,7501.469983952498,52834005,965.155395507813,7.75255560874939,6.37164,448962955576.95465,2525289301445.92,3072591316778.6304,8497.613527063766,47796.6662085511,58155.56319795614
37,Turkey,2012,873982246603.5634,2.05476032101584,11707.259712100089,74653016,924.227600097656,4.47787791490555,,1795824041593.283,,3913585800085.6323,24055.61272425059,,52423.679708876494
38,United Kingdom,2012,2704887678386.7217,2.18544195437133,42462.77156814497,63700215,3151.4482421875,8.2859180867672,5.617215,5911375014208.406,15193935640349.068,22412477737018.277,92799.92248391008,238522.51739415745,351843.0469507564
39,United States,2012,16197007349000.0,4.22781807423097,51610.60527833787,313830990,8440.9951171875,16.3715332746506,4.93105,68478000418554.05,79868253088286.45,265169844763913.78,218200.24981775714,254494.47515774798,844944.7416391663
40,European Union,2013,15293564575793.174,1.445014357462747,34564.11250527423,442469471,3509.4242141132277,,5.10899,22099420388804.8,78134668482081.58,,49945.63882307894,176587.70514832102,
41,Argentina,2013,552025140252.2463,0.8377364301594361,13080.254732336658,42202935,1691.37145996094,8.37134718894959,5.43661,462451570353.1789,3001145397746.765,4621194106080.1455,10957.805905043782,71112.2436803688,109499.35368429104
42,Australia,2013,1576184467015.492,1.64953307597667,68150.10704132149,23128129,4179.10546875,8.75855982303619,5.22974,2599968412182.7124,8243034954529.599,13805105946495.6,112415.85569601036,356407.34079828067,596896.7894677343
43,Brazil,2013,2472806919901.6743,1.3294461087607001,12300.32488227575,201035903,1276.42980957031,7.97709375619888,5.83885,3287463537379.813,14438348684267.89,19725812641033.03,16352.619051233913,71819.75193887576,98120.84481761963
44,Canada,2013,1847208522155.3384,1.00485841865034,52652.5936828278,35082954,4497.21630859375,10.227344930172,5.27444,1856183034490.4448,9742990517597.004,18892038714035.914,52908.402025965224,277712.9462244543,538496.2370624753
45,China,2013,9570405758739.791,1.86694378614298,7050.645919889634,1357380000,574.695861816406,4.71002236008644,,17867409562146.246,,45076825118764.445,13163.159588432309,,33208.6999357324
46,France,2013,2811077725703.5894,2.22039695086268,42592.93409433417,65998687,4547.2861328125,11.435729265213,,6241708410790.247,,32146723814616.94,94573.22099135468,,487081.26291386585
47,Germany,2013,3732743446218.9185,1.22399371603261,46285.76406884068,80645605,4952.22607421875,10.9319098293781,4.93497,4568854521733.865,18420976924786.977,40806014770267.27,56653.48436202897,228418.8571068067,505991.7991844351
48,India,2013,1856722121394.5347,2.47272671433353,1449.605912338698,1280846129,197.282669067383,3.74944172799587,3.84467,4591166390666.289,7138483838461.925,6961671399249.682,3584.4792646957276,5573.256362991221,5435.212896872237
49,Indonesia,2013,912524136718.0182,0.9187698391830659,3623.911582351342,251806402,296.085662841797,2.9606506228447,3.35904,838399654343.0796,3065205076201.2915,2701665153735.023,3329.5406617305925,12172.863961581452,10729.136083422625
50,Italy,2013,2141315327318.207,1.4061281724513,35549.9746972954,60233948,3264.29272460938,8.95226746797562,4.16472,3010963807843.9077,8917978769988.684,19169627543428.35,49987.82095179794,148055.69062132013,318252.88196995406
51,Japan,2013,5155717056270.827,0.950865860745235,40454.44745789028,127445000,4177.4755859375,10.7915937900543,3.66538,4902395336469.85,18897662183713.965,55638404167729.3,38466.75300301973,148280.92262320188,436567.96396664676
52,"Korea, Rep.",2013,1370795199976.1792,2.6279870500825,27182.734310193548,50428893,2156.84399414063,6.57883808016777,4.59437,3602432033852.65,6297940342914.558,9018239661714.482,71435.87375302191,124887.53903272391,178830.8076029843
53,Mexico,2013,1274443084716.5676,0.614983409113092,10725.183316603581,118827161,1000.90454101563,5.94077743589878,4.69605,783761352959.5999,5984848447983.237,7571182721021.422,6595.809799407729,50365.997113936246,63715.92704315659
54,Russian Federation,2013,2292473246621.0806,3.8462327320162104,15974.6446270517,143506995,1329.74255371094,5.08820973336697,3.75621,8817385638425.47,8611010933690.568,11664584686940.76,61442.20104689302,60004.11989457774,81282.34227844267
55,Saudi Arabia,2013,746647127413.3334,8.97612773321565,24844.74437094866,30052518,2294.1875,4.46568317711353,,6701999987300.621,,3334289516129.8657,223009.5989727257,,110948.75697703153
56,South Africa,2013,366829390478.9538,1.12327426203249,6832.456890967005,53689236,988.058898925781,7.7209547162056,6.01354,412050012882.07495,2205943212820.8076,2832273112461.3037,7674.722972069763,41087.25281210572,52753.09025558314
57,Turkey,2013,950579413121.1262,1.9632531204820498,12519.391425881915,75928564,982.583618164063,4.40412349998951,,1866227999076.0466,,4186469131932.9883,24578.734283398888,,55136.945984293714
58,United Kingdom,2013,2786022872706.815,2.06502466578136,43444.53300195399,64128273,3871.45532226563,9.76576432585716,5.58823,5753205951570.615,15568936597946.404,27207642781302.3,89714.0322423873,242778.04265750933,424269.0705440064
59,United States,2013,16784849190000.002,3.8111986758535603,53117.66783083012,315993715,8647.6435546875,16.3475170731544,4.93105,63970395007329.71,82766930598349.52,274390608703846.84,202441.985301289,261925.87595721488,868341.9817506397
60,European Union,2014,15633064319173.662,1.408964268166416,35243.207371289645,443576663,3607.9938271988244,,5.12325,22026429027663.03,80092096773206.45,,49656.41988172635,180559.76216495965,
61,Argentina,2014,526319673731.6383,0.878100919364039,12334.79824538929,42669500,1640.34033203125,8.25823321938515,5.36144,462161789383.1326,2821831351531.755,4346470613626.5693,10831.19767944627,66132.28070475995,101863.6406244875
62,Australia,2014,1467483705131.736,1.78129495506829,62510.79117056414,23475686,4305.78662109375,9.03803408145905,5.16477,2614021320596.0835,7579215815753.236,13263167740966.436,111350.1569494533,322853.8589139945,564974.6610585282
63,Brazil,2014,2455993625159.3706,1.330244423168,12112.588205969725,202763735,1363.77416992188,8.39605405926704,5.94848,3267071823204.412,14609428959388.014,20620655246053.31,16112.702911121716,72051.4886914468,101697.94537496219
64,Canada,2014,1803533209844.647,0.9922705600439761,50893.44671375473,35437435,4568.3759765625,10.0556157529354,5.27444,1789592908190.4578,9512627703333.0,18135636955855.98,50500.06887322567,268434.4310848965,511764.9444960105
65,China,2014,10475682846632.158,1.90584810515868,7678.599431661004,1364270000,634.703491210938,4.77322712540627,,19965060303497.184,,50002813520697.78,14634.244177103641,,36651.69909233347
66,France,2014,2852165760630.2666,2.2303600626115,43011.2631028417,66312067,4655.37158203125,11.5711249411106,,6361356604457.698,,33002766369010.562,95930.60346705372,,497688.6992379617
67,Germany,2014,3883920155292.2583,1.1825058956846701,47959.993273759865,80982500,5186.0966796875,10.9604604542255,4.92086,4592758482001.615,19112227335371.465,42569553269450.16,56712.97480321817,236004.412501114,525663.609661966
68,India,2014,2039127446298.5498,2.49676988106994,1573.8814921105177,1295604184,205.96760559082,3.61956544220448,3.84467,5091231991581.281,7839772118960.6455,7380755236872.902,3929.6199058749576,6051.054956272545,5696.767058968453
69,Indonesia,2014,890814755233.2255,0.777855178232831,3491.6247908576693,255129004,329.483001708984,3.11712101101875,3.28801,692924870204.3763,2929007823354.3975,2776777390463.012,2715.9784240147637,11480.497228587925,10883.81699817639
70,Italy,2014,2159133919743.7651,1.28738252755904,35518.41529167488,60789140,3250.84545898438,9.01144072413445,4.07525,2779631282938.186,8799010506435.777,19456907333239.008,45725.78725308807,144746.42191739802,320072.0940161188
71,Japan,2014,4850413536037.841,0.966999334469794,38109.412112557286,127276000,4214.5380859375,10.8320496976376,3.59059,4690346661251.872,17415846338362.111,52539920476456.016,36851.776149877995,136835.27403722706,412803.0459509728
72,"Korea, Rep.",2014,1484318219633.6272,2.66076648803331,29249.575220974195,50746659,2307.58862304688,6.82147443294525,4.59437,3949424176378.4214,6819507098738.147,10125238785585.6,77826.28953717764,134383.3709079872,199525.22954438438
73,Mexico,2014,1314563967425.2397,0.659120390949835,10922.376048864655,120355128,984.433227539063,5.63038624823093,5.26062,866455916137.8901,6915421498316.565,7401502884610.962,7199.160771428785,57458.469890178385,61497.195903534426
74,Russian Federation,2014,2059241965490.8254,4.10418221281141,14095.648742954,143819666,1355.60095214844,5.18879555165768,4.01244,8451504246642.253,8262584832014.007,10684985550325.613,58764.59375619919,57451.0083482881,74294.32877646659
75,Saudi Arabia,2014,756350347333.3335,10.677906298680501,24463.903163850067,30916994,2759.84936523438,5.22795468568802,,8076238137799.786,,3954165342363.062,261223.26568358444,,127896.17717566792
76,South Africa,2014,350904575292.3168,1.1094378828450702,6433.187276628942,54545991,1038.21643066406,7.93014839291573,6.04662,389306829092.9564,2121786623054.0283,2782725353821.1426,7137.221672129056,38899.03885061009,51016.12974308492
77,Turkey,2014,934185915375.8282,1.9024577741002,12095.854571813541,77231907,1044.63256835938,4.34724800288677,,1777249257161.656,,4061137854942.519,23011.852564532117,,52583.67963052523
78,United Kingdom,2014,3063803240208.0054,1.9488069967114803,47425.60768051944,64602298,4003.54077148438,9.75668206810951,5.66499,5970761191064.665,17356414717745.95,29892554133953.26,92423.35607108999,268665.59325406584,462716.5760257207
79,United States,2014,17521746534000.002,3.4808971959245802,55047.725560454404,318301008,9067.9990234375,16.5316626429558,4.96174,60991398377901.836,86938350647609.17,289663602615468.1,191615.47354541157,273132.50182232907,910030.4282274473
80,European Union,2015,13546911044356.314,1.401952708822437,30473.740256369936,444543759,3699.9503764056794,,4.89556,18992128634811.926,66319715832308.99,,42722.74270036918,149186.02384947438,
81,Argentina,2015,594749285413.2124,0.850128583186764,13789.060424772022,43131966,1794.30895996094,8.78850445151329,5.77611,505613367359.67456,3435337294968.1104,5226956742388.365,11722.474402388116,79647.12981012992,121185.21892529464
82,Australia,2015,1351693984524.503,1.95845125365234,56755.7217124249,23815995,4413.67333984375,9.31473970413208,5.31196,2647226778546.3394,7180144378034.778,12590677625486.88,111153.31433964187,301484.1235075326,528664.7744713954
83,Brazil,2015,1802214373741.3206,1.36551715396161,8814.000986812613,204471769,1392.55700683594,8.87020379304886,6.24106,2460954642459.953,11247728039382.006,15986008773847.438,12035.66954252718,55008.70899875672,78181.98498516163
84,Canada,2015,1556129524418.2126,1.15012649687129,43585.51198177506,35702908,4652.23193359375,10.5106920003891,5.27444,1789745798597.1055,8207711808772.397,16355998143871.8,50128.85220994059,229889.16781715365,458113.8921197064
85,China,2015,11061552790044.158,1.9070864861799601,8066.94242356745,1371220000,705.555908203125,4.88872304558754,,21095337842059.45,,54076868044672.02,15384.3568807773,,39437.04733352199
86,France,2015,2438207896251.8413,2.26989054016681,36638.18492915701,66548272,4688.63232421875,11.4590764045715,,5534465038662.074,,27939610573379.39,83164.66937957569,,419839.7604280302
87,Germany,2015,3360549973888.579,1.17745649193469,41139.544568553334,81686611,5352.015625,11.0880129039288,4.80518,3956901383226.06,16148047523529.922,37261821474774.16,48440.023827479636,197682.9167699211,456155.8010378734
88,India,2015,2103587817041.7832,2.4051274700264003,1605.6054335548802,1310152403,220.738708496094,3.59565988183022,3.84467,5059396844380.0625,8087600972546.032,7563786321643.948,3861.6857342664907,6173.023042225441,5773.2110434819
89,Indonesia,2015,860854235065.0789,0.8869711326333379,3331.6951275862816,258383256,333.485198974609,3.01182251423597,3.5836,763552855907.8788,3084957236779.217,2592740166644.388,2955.117400904178,11939.4626592182,10034.474395834644
90,Italy,2015,1835899237320.0383,1.21061949945203,30230.2263021296,60730582,3307.3291015625,8.98803398013115,4.08169,2222575415728.7485,7493571557976.827,16501124729129.365,36597.30143420573,123390.41239513936,271710.3012305952
91,Japan,2015,4389475622588.974,0.9580504310453399,34524.46986093372,127141000,4368.68017578125,10.8855068683624,3.388385,4205339012284.3784,14873233357446.14,47781667038201.6,33076.1832318794,116982.1958097399,375816.3537977647
92,"Korea, Rep.",2015,1465773245547.1497,2.64475851305641,28732.231076259857,51014947,2540.34204101563,7.0450559258461,4.59437,3876616269371.148,6734304626144.457,10326454489488.617,75989.81273804221,132006.50048983598,202420.174806584
93,Mexico,2015,1170564619927.6895,0.661709561237215,9605.952351031388,121858258,1026.03564453125,5.79708740115166,5.23524,774573801052.1588,6128186720830.237,6785865410416.689,6356.3505154665745,50289.46598621357,55686.54535022722
94,Russian Federation,2015,1363481063446.766,4.86275810199369,9313.01362484996,144096870,1296.47827148438,5.29517084360123,3.83372,6630278588190.734,5227204622557.136,7219865172965.715,46012.648214987144,36275.629183042875,50104.24704551678
95,Saudi Arabia,2015,654269902880.0,13.325672334973401,20627.932782067484,31717667,3249.42724609375,5.99834509193897,,8718586344413.75,,3924536660743.6343,274881.07320168754,,123733.45936016146
96,South Africa,2015,317620522794.82697,1.09918207478519,5734.633629153307,55386367,1083.67761230469,8.20090919733047,5.95619,349122785239.9746,1891808181665.3206,2604777066649.0083,6303.406490625655,34156.56747562664,47029.20967264396
97,Turkey,2015,859796872683.8235,1.8470557437933102,10948.724606902664,78529409,1064.02099609375,4.13854606449604,,1588092752186.1816,,3558308963711.6406,20222.904672390716,,45311.80113314797
98,United Kingdom,2015,2928591002002.5137,1.8596120240168101,44974.831877178156,65116219,4089.931640625,9.68684554100037,5.60939,5446043040751.3125,16427609080722.88,28368808689161.855,83635.73813693502,252281.37218352436,435664.24962668447
99,United States,2015,18219297584000.0,3.2718312641764196,56822.518820245554,320635163,9538.0703125,16.8398812413216,4.96174,59610467446665.11,90399417594436.16,306810807614857.56,185913.6935853324,281938.5645311652,956884.4687656966
100,European Union,2016,13882598814513.09,1.4149482325486975,31162.69639309366,445487728,3850.2861042632812,,4.80093,19643158655777.94,66649385126560.33,,44093.60218285955,149609.92399449516,
101,Argentina,2016,557531376217.9669,0.813140077928875,12790.242473244707,43590368,1521.07507324219,7.54439905285835,5.54549,453351106705.67053,3091784671502.973,4206239186677.642,10400.258761423407,70928.16173295378,96494.693200976
102,Australia,2016,1208846993739.9915,2.09284952414869,49971.13145612901,24190907,4634.654296875,9.19608399271965,5.27163,2529934855617.3154,6372594077609.551,11116658488779.607,104582.05868913123,263429.31571807334,459538.72208179743
103,Brazil,2016,1795700168991.4932,1.35015057288696,8710.096689541213,206163058,1401.00671386719,9.20620560646057,6.24106,2424465611897.0757,11207072496686.049,16531584963291.676,11759.942035284885,54360.236045228085,80186.94097606796
104,Canada,2016,1528243213982.0796,1.15845887951202,42322.48478030384,36109487,4809.2763671875,10.7378765940666,5.27444,1770406921291.5283,8060627137555.641,16410087037459.287,49028.858296755316,223227.40662462584,454453.61872516456
105,China,2016,11233277146512.152,1.92494712446006,8147.938147782204,1378665000,762.9755859375,4.98188063502312,,21623464541441.477,,55962845884056.66,15684.350107851782,,40592.0552738023
106,France,2016,2471285607081.7163,2.32732364460048,37037.374186121946,66724104,4842.611328125,11.4789254963398,,5751481425922.13,,28367703363867.895,86197.95667727708,,425149.2588625528
107,Germany,2016,3466790065011.8267,1.18990426457789,42098.92044535446,82348669,5568.27001953125,11.1306592822075,4.80093,4125148282753.8325,16643816426817.229,38587659016588.63,50093.684972052586,202113.97013371557,468588.7396259997
108,India,2016,2294797978291.985,2.5064707505609602,1732.5642617842798,1324509589,233.007827758789,3.51098328828812,3.84467,5751844011035.285,8822740943199.846,8056997351780.522,4342.62164562954,6661.137840354168,6083.00416900985
109,Indonesia,2016,931877364177.7417,0.7906948005280129,3562.8457564197097,261554226,362.559692382813,3.11905480921268,3.5836,736830586585.0898,3339475722267.3555,2906576574335.0215,2817.1236146843594,12767.814052705673,11112.711191043885
110,Italy,2016,1875797463583.867,1.33960598612479,30939.71424622977,60627498,3465.28125,8.88062864542007,3.82926,2512829510974.646,7182916195403.158,16658260688109.197,41447.026413239844,118476.21017451781,274764.1126161795
111,Japan,2016,4922538141454.615,0.9395826029538029,38761.818150192456,126994511,4424.97705078125,10.8255289494991,3.18618,4625131200087.303,15684092575539.865,53289079155330.43,36419.92999277979,123502.12975378019,419617.184520128
112,"Korea, Rep.",2016,1500111596236.3716,2.60788129512616,29288.870438983326,51217803,2745.06518554688,7.32512027025223,4.59437,3912112972426.6797,6892067714400.498,10988497861231.475,76381.89737319814,134563.90767875183,214544.4985453881
113,Mexico,2016,1077903618176.0708,0.5592301906544169,8739.756042809295,123333376,1020.01184082031,5.61609193682671,4.90983,602796245899.69,5292323521629.418,6053605818714.969,4887.535438093334,42910.71641166636,49083.2734418538
114,Russian Federation,2016,1276786979221.8135,5.4524065102010795,8704.89841329594,144342396,1291.3173828125,5.26546724140644,3.74303,6961561637648.986,4779051966836.625,6722880013346.743,48229.50034478426,33109.135633557205,46575.92086351915
115,Saudi Arabia,2016,644935541440.0,9.87273832986563,19879.29753041775,32442572,3176.90966796875,5.83562962710857,,6367279840267.331,,3763604953202.5713,196263.10269935845,,116008.21763461205
116,South Africa,2016,296357282715.1093,1.0755295517852899,5272.918424754186,56203654,1076.10986328125,8.09582769870758,5.94285,318741015446.88794,1761206877583.4873,2399257498118.6953,5671.1795899762665,31336.163260550413,42688.63903615048
117,Turkey,2016,863721648058.0114,2.0675426093278397,10820.633842210817,79821724,1132.59912109375,4.31431420147419,,1785781309958.8027,,3726366572337.3706,22372.121528705677,,46683.61425440235
118,United Kingdom,2016,2694283209613.294,1.81078016820308,41064.13343162227,65611593,4182.1845703125,9.69904437661171,5.48697,4878754603490.295,14783451142651.855,26131972413199.168,74358.11844242671,225317.66821530845,398282.85244040895
119,United States,2016,18707188235000.0,3.20789216926033,57927.51685150619,322941311,9941.34765625,17.197260260582,4.96174,60010642647935.48,92820204153128.89,321712384820992.6,185825.2276926425,287421.2774627923,996194.5835446015
120,European Union,2017,14735710571465.291,1.4405752140859578,33029.98795035221,446131273,4054.2744840959967,,4.80093,21227899411197.324,70745114953864.86,,47582.18196283524,158574.6600504844,
121,Argentina,2017,642695864756.3501,0.8561379163735431,14591.863381054129,44044811,1916.50415039063,9.12431478500366,5.46223,550236298514.394,3510552633348.078,5864159381057.078,12492.647511063085,79704.1139158953,133140.7547885057
122,Australia,2017,1330135756844.4075,2.00796639339341,54066.4712686117,24601860,4816.15380859375,9.20594781637192,5.27163,2670867898394.4785,7011983559853.684,12245160366199.984,108563.65731674265,285018.4319337515,497733.11311421107
123,Brazil,2017,2062831045935.9531,1.41952663807017,9925.386237700412,207833831,1472.23095703125,9.46747660636902,6.24106,2928243619544.2363,12874252327549.04,19529804670290.375,14089.3501575508,61944.93103266253,93968.36201460568
124,Canada,2017,1649878054226.8237,1.29339510677837,45148.55270616548,36543321,4928.6279296875,10.5727694928646,5.27444,2133944202117.992,8702182804336.129,17443780358676.168,58394.91714827976,238133.33233550747,477345.2406987358
125,China,2017,12310408652423.508,1.8965104068693999,8879.438148885063,1386395000,841.114929199219,5.15119321644306,,23346818122136.29,,63413293542005.92,16839.946856513685,,45739.70155836246
126,France,2017,2595151045197.6514,2.34967851446849,38812.16103416815,66864379,5011.20068359375,11.3128922879696,,6097770652701.366,,29358664245332.758,91196.10088207603,,439077.79724287515
127,Germany,2017,3665804120835.3003,1.23414110223535,44349.58965527567,82657002,5922.63818359375,11.2468346953392,4.80093,4524119538266.565,17599268977841.82,41228692972527.87,54733.65146084739,212919.27546370265,498792.50365901086
128,India,2017,2652754685834.5913,2.5096245584148202,1981.651049899201,1338658835,253.322418212891,3.53495962917805,3.84467,6657418307020.481,10198966357987.678,9377380720538.182,4973.200141035547,7618.794342015961,7005.0564605119735
129,Indonesia,2017,1015618742565.8127,0.804336712672088,3837.6517312111655,264645886,367.94140625,2.98905447125435,3.5836,816899440723.5454,3639571325858.8467,3035739743556.0635,3086.7641778627362,13752.608743968332,11470.950066293732
130,Italy,2017,1961796197354.3564,1.36652876351231,32406.72031501343,60536709,3619.69799804688,8.84025916457176,3.82926,2680850931833.8003,7512227706681.144,17342786812683.879,44284.715441564564,124093.75783346835,286483.8062585113
131,Japan,2017,4866864409657.679,0.930768157014813,38386.511145705685,126785797,4563.45703125,10.9359331429005,3.18618,4529922417018.063,15506706044763.102,53223703799578.29,35728.94223331706,122306.33408222454,419792.3194786423
132,"Korea, Rep.",2017,1623901496835.7908,2.5688435351741203,31616.84340046831,51361911,2980.15795898438,7.60386362671852,4.59437,4171548861906.198,7460804320017.451,12347925525163.43,81218.72377190557,145259.47681380957,240410.1655244765
133,Mexico,2017,1157736189998.1506,0.502372222667342,9278.418168337626,124777324,1035.58508300781,5.51654137670994,4.90983,581614503031.7911,5684287877738.62,6386699595439.318,4661.219558064822,45555.45587544913,51184.77773605177
134,Russian Federation,2017,1574199387070.8982,4.23340736959348,10720.3325853448,144496740,1404.21667480469,5.34457787871361,3.74303,6664227286435.4795,5892275531787.984,8413431220823.6455,46120.260473942035,40777.913271870246,58225.75111953145
135,Saudi Arabia,2017,688586133333.3334,10.2513563494886,20803.742565732384,33099147,2826.33447265625,5.23025318980217,,7058941830116.471,,3601479820320.209,213266.57844434693,,108808.84091424498
136,South Africa,2017,349554116683.81793,1.04366339589233,6132.479840972099,57000451,1097.81921386719,8.11311826109886,6.11306,364816836466.3772,2136845288535.18,2835973887309.765,6400.244736070197,37488.2172166529,49753.53418361137
137,Turkey,2017,852676779693.5393,2.06814147502603,10513.648432437794,81101892,1180.64184570313,4.21630293130875,,1763456212875.8416,,3595143605680.775,21743.712376967007,,44328.72670443712
138,United Kingdom,2017,2666229179958.0073,1.77109384285715,40361.417383215885,66058859,4338.37255859375,9.63169410824776,5.48697,4722142084269.695,14629519523554.188,25680303883839.797,71483.85781640121,221461.88633918407,388748.8260104492
139,United States,2017,19485393853000.0,3.1090104054349603,59957.725851303185,324985539,10246.138671875,17.0612692832947,4.96174,60580292242975.414,96681458096184.22,332445551617088.25,186409.19355791833,297494.64666544506,1022954.9063630436
140,European Union,2018,15931983317841.582,1.4480847837658102,35659.75714691003,446777673,4054.2744840959967,,4.80093,23070862617777.12,76488336670125.19,,51638.35171722451,171199.99787931476,
141,Argentina,2018,519871519807.795,0.8545609792373159,11683.949621636286,44494502,1916.50415039063,9.12431478500366,5.46223,444261915044.54095,2839657811639.732,4743471394484.587,9984.647430024972,63820.42014179037,106608.03427993388
142,Australia,2018,1433904348500.1162,1.8915597671394497,57395.919466316685,24982688,4816.15380859375,9.20594781637192,5.27163,2712315775549.124,7559013180683.668,13200448605960.844,108567.8120604606,302570.05093621905,528383.8394795966
143,Brazil,2018,1885482534238.327,1.47490154739588,9001.234248634986,209469333,1472.23095703125,9.46747660636902,6.24106,2780901107336.0137,11767409625133.453,17850761784618.734,13275.934321784534,56177.24301978588,85218.97467739937
144,Canada,2018,1716262621082.2183,1.2526292323636101,46313.17137129609,37057765,4928.6279296875,10.5727694928646,5.27444,2149840729580.5764,9052324219140.896,18145649081921.914,58013.232303150944,244276.04360761898,489658.4853922495
145,China,2018,13894817110036.277,1.8659366006581202,9976.676821807729,1392730000,841.114929199219,5.15119321644306,,25926847805067.375,,71574887640935.83,18615.846434748568,,51391.78996714067
146,France,2018,2787863958885.4883,2.2939427993291304,41631.09073890442,66965912,5011.20068359375,11.3128922879696,,6395200453994.568,,31538804680384.04,95499.34082872744,,470968.0453599144
147,Germany,2018,3949548833952.9385,1.2337687568881202,47639.00344071224,82905782,5922.63818359375,11.2468346953392,4.80093,4872829955135.041,18961507483389.68,44419922856638.39,58775.51405443641,228711.52078861857,535787.996748386
148,India,2018,2713165057513.3467,2.41903434166523,2005.8630045240309,1352617328,253.322418212891,3.53495962917805,3.84467,6563239448730.904,10431224301669.838,9590928945606.223,4852.251492619429,7711.8813176034055,7090.644742654238
149,Indonesia,2018,1042240309412.5823,0.716442832780161,3893.8464247557094,267663435,367.94140625,2.98905447125435,3.5836,746705599713.2219,3734972372810.93,3115313056971.1963,2789.7183629628826,13953.988047754563,11638.919066293818
150,Italy,2018,2085764300862.273,1.3327023072539,34520.08516240297,60421760,3619.69799804688,8.84025916457176,3.82926,2779702896146.9688,7986933806719.867,18438696975834.32,46004.99714253555,132186.38130898317,305166.4992187305
151,Japan,2018,4954806619995.188,0.9238395357382819,39159.423563395205,126529100,4563.45703125,10.9359331429005,3.18618,4577446247489.32,15786905756496.27,54185433932268.19,36177.023684585765,124768.97216921854,428244.8380038125
152,"Korea, Rep.",2018,1720578827805.543,2.61734363736466,33340.26515168201,51606633,2980.15795898438,7.60386362671852,4.59437,4503346047541.183,7904975749104.952,13083046765652.557,87262.93086280562,153177.51400493327,253514.8294920259
153,Mexico,2018,1220699479845.9802,0.5388838656804921,9673.443673606193,126190788,1035.58508300781,5.51654137670994,4.90983,657815254533.5677,5993426927132.189,6734039189098.651,5212.862721275405,47494.963951981896,53363.95228072156
154,Russian Federation,2018,1669583089322.9568,3.92951108949691,11370.8134559314,144477860,1404.21667480469,5.34457787871361,3.74303,6560645264331.069,6249299590828.507,8923216845869.803,45409.34690153266,43254.375382003214,61761.82873881024
155,Saudi Arabia,2018,786521831573.3333,8.77471912659104,23338.963458112656,33699947,2826.33447265625,5.23025318980217,,6901508158987.943,,4113708318435.471,204792.84905071047,,122068.68807347
156,South Africa,2018,368288939768.32227,0.981709721430103,6374.028195759437,57779622,1097.81921386719,8.11311826109886,6.15899,361552832465.7476,2268287897143.699,2987971722595.1133,6257.445444446618,39257.57591740041,51713.2445517749
157,Turkey,2018,771350331372.7113,2.5043566085399998,9370.176354973097,82319724,1180.64184570313,4.21630293130875,,1931736299872.7683,,3252246663232.7383,23466.26307776212,,39507.502032353004
158,United Kingdom,2018,2860667727551.9727,1.78220538089607,43043.227816455066,66460344,4338.37255859375,9.63169410824776,5.48697,5098297416998.858,15696398001045.848,27553076497116.844,76711.87222562161,236176.89973205447,414579.20375971636
159,United States,2018,20529049174601.5,3.16286487973421,62840.02023879542,326687501,10246.138671875,17.0612692832947,4.96174,64930608648683.66,101859804451587.25,350251636097874.94,198754.49305507302,311795.84201964084,1072130.5070617774
160,European Union,2019,15592795166700.186,1.4480847837658102,34843.297471632024,447512041,4054.2744840959967,,4.80093,22579689417275.61,74859918099665.92,,50456.04888489606,167280.23213048233,
161,Argentina,2019,449663446954.07275,0.8545609792373159,10006.14897360816,44938712,1916.50415039063,9.12431478500366,5.46223,384264835556.29926,2456165169855.945,4102870837318.7554,8550.864465281053,54655.8871081117,91299.25302084215
162,Australia,2019,1392680589329.1375,1.8915597671394497,54907.101910142366,25364307,4816.15380859375,9.20594781637192,5.27163,2634338571251.0547,7341696775125.161,12820944830238.13,103860.06490345093,289449.92564256385,505471.9149329856
163,Brazil,2019,1839758040765.623,1.47490154739588,8717.186278108185,211049527,1472.23095703125,9.46747660636902,6.24106,2713461981159.23,11482040317900.7,17417866212327.838,12856.991530519896,54404.482592849876,82529.75716135028
164,Canada,2019,1736425629519.9573,1.2526292323636101,46194.725225516726,37589262,4928.6279296875,10.5727694928646,5.27444,2175097503362.0825,9158672797365.244,18358827922416.812,57864.86319848691,243651.30651847445,488406.18159560603
165,China,2019,14342902842915.87,1.8659366006581202,10261.679128374431,1397715000,841.114929199219,5.15119321644306,,26762947374280.125,,73883063828530.11,19147.642669843368,,52859.89191539771
166,France,2019,2715518274227.447,2.2939427993291304,40493.92857204556,67059887,5011.20068359375,11.3128922879696,,6229243591610.719,,30720365742348.2,92890.75586439206,,458103.4522522861
167,Germany,2019,3845630030823.5234,1.2337687568881202,46258.878289705164,83132799,5922.63818359375,11.2468346953392,4.80093,4744618182580.762,18462600583881.58,43251165256104.36,57072.75876252839,222085.6365473942,520265.95731612935
168,India,2019,2875142314811.8477,2.41903434166523,2104.1459000333275,1366417754,253.322418212891,3.53495962917805,3.84467,6955067996704.723,11053973403487.666,10163512011001.408,5090.001192054712,8089.7466174811325,7438.070810518324
169,Indonesia,2019,1119190780752.796,0.716442832780161,4135.569262815537,270625568,367.94140625,2.98905447125435,3.5836,801836213383.9731,4010732081905.7197,3345322207395.7915,2962.898957810125,14820.226010225759,12361.441796200836
170,Italy,2019,2001244392041.5654,1.3327023072539,33189.56579885416,60297396,3619.69799804688,8.84025916457176,3.82926,2667063018652.7227,7663285100669.085,17691519077293.29,44231.81091688806,127091.47673092027,293404.3632214779
171,Japan,2019,5081769542379.769,0.9238395357382819,40246.88012841641,126264931,4563.45703125,10.9359331429005,3.18618,4694739614761.066,16191432480539.57,55573891963093.22,37181.659052750496,128233.80452755778,440137.1902946925
172,"Korea, Rep.",2019,1642383217167.264,2.61734363736466,31761.977692344663,51709098,2980.15795898438,7.60386362671852,4.59437,4298681263567.2393,7545716181456.762,12488458006151.102,83132.01022317658,145926.27745037753,241513.7468874646
173,Mexico,2019,1258286717124.5251,0.5388838656804921,9863.0726988757,127575529,1035.58508300781,5.51654137670994,4.90983,678070410258.48,6177973872339.508,6941390738781.959,5315.050743457861,48426.01022912088,54410.04864484598
174,Russian Federation,2019,1699876578871.353,3.92951108949691,11584.9953826104,144373535,1404.21667480469,5.34457787871361,3.74303,6679683867451.051,6362689031012.841,9085122759979.203,46266.67808231647,44071.02057183015,62927.89575304922
175,Saudi Arabia,2019,792966838161.6586,8.77471912659104,23139.7986561214,34268528,2826.33447265625,5.23025318980217,,6958061281569.526,,4147417334702.3555,203045.23385333407,,121027.00573255892
176,South Africa,2019,351431649241.43854,0.981709721430103,6001.400813948884,58558270,1097.81921386719,8.11311826109886,6.15899,345003866478.5343,2164464013361.5276,2851206530988.804,5891.633521252153,36962.56759910304,48690.074535822256
177,Turkey,2019,754411708202.6156,2.5043566085399998,9042.492982888818,83429615,1180.64184570313,4.21630293130875,,1889315946997.1704,,3180828296708.3296,22645.627059374187,,38125.889670092925
178,United Kingdom,2019,2827113184695.5757,1.78220538089607,42300.26712582503,66834405,4338.37255859375,9.63169410824776,5.48697,5038496330166.68,15512285231029.084,27229889404381.938,75387.7636849865,232100.29671138816,407423.2336531153
179,United States,2019,21374418877706.7,3.16286487973421,65118.35833281631,328239523,10246.138671875,17.0612692832947,4.96174,67604398793026.42,106054309122272.44,364674716246491.7,205960.56859681223,323100.363274268,1111001.8468022563
